<metadata xml:lang="zh"><Esri><CreaDate>20220215</CreaDate><CreaTime>14355700</CreaTime><ArcGISFormat>1.0</ArcGISFormat><SyncOnce>FALSE</SyncOnce><DataProperties><lineage><Process ToolSource="c:\program files (x86)\arcgis\desktop10.5\ArcToolbox\Toolboxes\Data Management Tools.tbx\Append" Date="20220215" Time="143557">Append 'lamppost_en.csv Events' Lamppost NO_TEST "LAMP_NO "Lamp Post Number" true false false 6 Text 0 0 ,First,#,lamppost_en.csv Events,Lamp Post Number,-1,-1;DISTRICT "District" true false false 20 Text 0 0 ,First,#,lamppost_en.csv Events,District,-1,-1;PRIMARY_ST "Location" true false false 120 Text 0 0 ,First,#,lamppost_en.csv Events,Location,-1,-1;LAT "Latitude" true false false 8 Double 0 0 ,First,#,lamppost_en.csv Events,Latitude,-1,-1;LONG "Longitude" true false false 8 Double 0 0 ,First,#,lamppost_en.csv Events,Longitude,-1,-1" #</Process><Process ToolSource="c:\program files (x86)\arcgis\desktop10.5\ArcToolbox\Toolboxes\Data Management Tools.tbx\DeleteFeatures" Date="20220427" Time="124013">DeleteFeatures Lamppost</Process><Process ToolSource="c:\program files (x86)\arcgis\desktop10.5\ArcToolbox\Toolboxes\Data Management Tools.tbx\Append" Date="20220427" Time="124438">Append Lamppost1 Lamppost NO_TEST "LAMP_NO "Lamp Post Number" true false false 6 Text 0 0 ,First,#,Lamppost1,LAMP_NO,-1,-1;DISTRICT "District" true false false 20 Text 0 0 ,First,#,Lamppost1,DISTRICT,-1,-1;PRIMARY_ST "Location" true false false 120 Text 0 0 ,First,#,Lamppost1,PRIMARY_ST,-1,-1;LAT "Latitude" true false false 8 Double 0 0 ,First,#;LONG "Longitude" true false false 8 Double 0 0 ,First,#" #</Process><Process ToolSource="c:\program files (x86)\arcgis\desktop10.6\ArcToolbox\Toolboxes\Data Management Tools.tbx\DeleteFeatures" Date="20220829" Time="111415">DeleteFeatures Lamppost1</Process><Process ToolSource="c:\program files (x86)\arcgis\desktop10.6\ArcToolbox\Toolboxes\Data Management Tools.tbx\TruncateTable" Date="20240611" Time="100120">TruncateTable Lamppost</Process><Process ToolSource="c:\program files (x86)\arcgis\desktop10.5\ArcToolbox\Toolboxes\Data Management Tools.tbx\Append" Date="20250228" Time="114534">Append 'lamppost_en_ExcelToTable9 Events' Lamppost NO_TEST "LAMP_NO "Lamp Post Number" true false false 6 Text 0 0 ,First,#,lamppost_en_ExcelToTable9 Events,Lamp_Post_Number,-1,-1;DISTRICT "District" true false false 20 Text 0 0 ,First,#,lamppost_en_ExcelToTable9 Events,District,-1,-1;PRIMARY_ST "Location" true false false 120 Text 0 0 ,First,#,lamppost_en_ExcelToTable9 Events,Location,-1,-1;LAT "Latitude" true false false 8 Double 0 0 ,First,#,lamppost_en_ExcelToTable9 Events,Latitude,-1,-1;LONG "Longitude" true false false 8 Double 0 0 ,First,#,lamppost_en_ExcelToTable9 Events,Longitude,-1,-1" #</Process><Process ToolSource="d:\arcgis\Resources\ArcToolbox\toolboxes\Conversion Tools.tbx\ExportFeatures" Date="20250430" Time="202046">ExportFeatures Lamppost D:\7305programming\tester\tester.gdb\Lamppost_HKU # NOT_USE_ALIAS "LAMP_NO "Lamp Post Number" true true false 6 Text 0 0,First,#,Lamppost,LAMP_NO,0,5;DISTRICT "District" true true false 20 Text 0 0,First,#,Lamppost,DISTRICT,0,19;PRIMARY_ST "Location" true true false 120 Text 0 0,First,#,Lamppost,PRIMARY_ST,0,119;LAT "Latitude" true true false 8 Double 0 0,First,#,Lamppost,LAT,-1,-1;LONG "Longitude" true true false 8 Double 0 0,First,#,Lamppost,LONG,-1,-1" #</Process><Process ToolSource="c:\program files\arcgis\pro\Resources\ArcToolbox\toolboxes\Conversion Tools.tbx\ExportFeatures" Date="20250430" Time="204000">ExportFeatures Lamppost_HKU D:\safenight\Lamppost_HKU.shp # NOT_USE_ALIAS "LAMP_NO "Lamp Post Number" true true false 6 Text 0 0,First,#,Lamppost_HKU,LAMP_NO,0,5;DISTRICT "District" true true false 20 Text 0 0,First,#,Lamppost_HKU,DISTRICT,0,19;PRIMARY_ST "Location" true true false 120 Text 0 0,First,#,Lamppost_HKU,PRIMARY_ST,0,119;LAT "Latitude" true true false 8 Double 0 0,First,#,Lamppost_HKU,LAT,-1,-1;LONG "Longitude" true true false 8 Double 0 0,First,#,Lamppost_HKU,LONG,-1,-1" #</Process></lineage><itemProps><itemName Sync="TRUE">Lamppost_HKU</itemName><imsContentType Sync="TRUE">002</imsContentType><itemLocation><linkage Sync="TRUE">file://\\DESKTOP-A2BP0TO\D$\safenight\Lamppost_HKU.shp</linkage><protocol Sync="TRUE">Local Area Network</protocol></itemLocation><itemSize Sync="TRUE">0.000</itemSize></itemProps><coordRef><type Sync="TRUE">Geographic</type><geogcsn Sync="TRUE">GCS_WGS_1984</geogcsn><csUnits Sync="TRUE">Angular Unit: Degree (0.017453)</csUnits><peXml Sync="TRUE">&lt;GeographicCoordinateSystem xsi:type='typens:GeographicCoordinateSystem' xmlns:xsi='http://www.w3.org/2001/XMLSchema-instance' xmlns:xs='http://www.w3.org/2001/XMLSchema' xmlns:typens='http://www.esri.com/schemas/ArcGIS/3.3.0'&gt;&lt;WKT&gt;GEOGCS[&amp;quot;GCS_WGS_1984&amp;quot;,DATUM[&amp;quot;D_WGS_1984&amp;quot;,SPHEROID[&amp;quot;WGS_1984&amp;quot;,6378137.0,298.257223563]],PRIMEM[&amp;quot;Greenwich&amp;quot;,0.0],UNIT[&amp;quot;Degree&amp;quot;,0.0174532925199433],AUTHORITY[&amp;quot;EPSG&amp;quot;,4326]]&lt;/WKT&gt;&lt;XOrigin&gt;-400&lt;/XOrigin&gt;&lt;YOrigin&gt;-400&lt;/YOrigin&gt;&lt;XYScale&gt;11258999068426.238&lt;/XYScale&gt;&lt;ZOrigin&gt;-100000&lt;/ZOrigin&gt;&lt;ZScale&gt;10000&lt;/ZScale&gt;&lt;MOrigin&gt;-100000&lt;/MOrigin&gt;&lt;MScale&gt;10000&lt;/MScale&gt;&lt;XYTolerance&gt;8.983152841195215e-09&lt;/XYTolerance&gt;&lt;ZTolerance&gt;0.001&lt;/ZTolerance&gt;&lt;MTolerance&gt;0.001&lt;/MTolerance&gt;&lt;HighPrecision&gt;true&lt;/HighPrecision&gt;&lt;LeftLongitude&gt;-180&lt;/LeftLongitude&gt;&lt;WKID&gt;4326&lt;/WKID&gt;&lt;LatestWKID&gt;4326&lt;/LatestWKID&gt;&lt;/GeographicCoordinateSystem&gt;</peXml></coordRef></DataProperties><SyncDate>20250430</SyncDate><SyncTime>20400000</SyncTime><ModDate>20250430</ModDate><ModTime>20400000</ModTime></Esri><dataIdInfo><envirDesc Sync="TRUE">Microsoft Windows 10 Version 10.0 (Build 19045) ; Esri ArcGIS 13.3.2.52636</envirDesc><dataLang><languageCode value="zho" Sync="TRUE"></languageCode><countryCode value="CHN" Sync="TRUE"></countryCode></dataLang><idCitation><resTitle Sync="TRUE">Lamppost_HKU</resTitle><presForm><PresFormCd value="005" Sync="TRUE"></PresFormCd></presForm></idCitation><spatRpType><SpatRepTypCd value="001" Sync="TRUE"></SpatRepTypCd></spatRpType></dataIdInfo><mdLang><languageCode value="zho" Sync="TRUE"></languageCode><countryCode value="CHN" Sync="TRUE"></countryCode></mdLang><distInfo><distFormat><formatName Sync="TRUE">Shapefile</formatName></distFormat><distTranOps><transSize Sync="TRUE">0.000</transSize></distTranOps></distInfo><mdHrLv><ScopeCd value="005" Sync="TRUE"></ScopeCd></mdHrLv><mdHrLvName Sync="TRUE">dataset</mdHrLvName><refSysInfo><RefSystem><refSysID><identCode code="4326" Sync="TRUE"></identCode><idCodeSpace Sync="TRUE">EPSG</idCodeSpace><idVersion Sync="TRUE">6.2(3.0.1)</idVersion></refSysID></RefSystem></refSysInfo><spatRepInfo><VectSpatRep><geometObjs Name="Lamppost_HKU"><geoObjTyp><GeoObjTypCd value="004" Sync="TRUE"></GeoObjTypCd></geoObjTyp><geoObjCnt Sync="TRUE">0</geoObjCnt></geometObjs><topLvl><TopoLevCd value="001" Sync="TRUE"></TopoLevCd></topLvl></VectSpatRep></spatRepInfo><spdoinfo><ptvctinf><esriterm Name="Lamppost_HKU"><efeatyp Sync="TRUE">Simple</efeatyp><efeageom code="1" Sync="TRUE"></efeageom><esritopo Sync="TRUE">FALSE</esritopo><efeacnt Sync="TRUE">0</efeacnt><spindex Sync="TRUE">FALSE</spindex><linrefer Sync="TRUE">FALSE</linrefer></esriterm></ptvctinf></spdoinfo><eainfo><detailed Name="Lamppost_HKU"><enttyp><enttypl Sync="TRUE">Lamppost_HKU</enttypl><enttypt Sync="TRUE">Feature Class</enttypt><enttypc Sync="TRUE">0</enttypc></enttyp><attr><attrlabl Sync="TRUE">FID</attrlabl><attalias Sync="TRUE">FID</attalias><attrtype Sync="TRUE">OID</attrtype><attwidth Sync="TRUE">4</attwidth><atprecis Sync="TRUE">0</atprecis><attscale Sync="TRUE">0</attscale><attrdef Sync="TRUE">Internal feature number.</attrdef><attrdefs Sync="TRUE">Esri</attrdefs><attrdomv><udom Sync="TRUE">Sequential unique whole numbers that are automatically generated.</udom></attrdomv></attr><attr><attrlabl Sync="TRUE">Shape</attrlabl><attalias Sync="TRUE">Shape</attalias><attrtype Sync="TRUE">Geometry</attrtype><attwidth Sync="TRUE">0</attwidth><atprecis Sync="TRUE">0</atprecis><attscale Sync="TRUE">0</attscale><attrdef Sync="TRUE">Feature geometry.</attrdef><attrdefs Sync="TRUE">Esri</attrdefs><attrdomv><udom Sync="TRUE">Coordinates defining the features.</udom></attrdomv></attr><attr><attrlabl Sync="TRUE">LAMP_NO</attrlabl><attalias Sync="TRUE">LAMP_NO</attalias><attrtype Sync="TRUE">String</attrtype><attwidth Sync="TRUE">6</attwidth><atprecis Sync="TRUE">0</atprecis><attscale Sync="TRUE">0</attscale></attr><attr><attrlabl Sync="TRUE">DISTRICT</attrlabl><attalias Sync="TRUE">DISTRICT</attalias><attrtype Sync="TRUE">String</attrtype><attwidth Sync="TRUE">20</attwidth><atprecis Sync="TRUE">0</atprecis><attscale Sync="TRUE">0</attscale></attr><attr><attrlabl Sync="TRUE">PRIMARY_ST</attrlabl><attalias Sync="TRUE">PRIMARY_ST</attalias><attrtype Sync="TRUE">String</attrtype><attwidth Sync="TRUE">120</attwidth><atprecis Sync="TRUE">0</atprecis><attscale Sync="TRUE">0</attscale></attr><attr><attrlabl Sync="TRUE">LAT</attrlabl><attalias Sync="TRUE">LAT</attalias><attrtype Sync="TRUE">Double</attrtype><attwidth Sync="TRUE">19</attwidth><atprecis Sync="TRUE">0</atprecis><attscale Sync="TRUE">0</attscale></attr><attr><attrlabl Sync="TRUE">LONG</attrlabl><attalias Sync="TRUE">LONG</attalias><attrtype Sync="TRUE">Double</attrtype><attwidth Sync="TRUE">19</attwidth><atprecis Sync="TRUE">0</atprecis><attscale Sync="TRUE">0</attscale></attr></detailed></eainfo><mdDateSt Sync="TRUE">20250430</mdDateSt></metadata>
