<metadata xml:lang="en"><Esri><CreaDate>20250501</CreaDate><CreaTime>17362700</CreaTime><ArcGISFormat>1.0</ArcGISFormat><SyncOnce>FALSE</SyncOnce><DataProperties><itemProps><itemName Sync="TRUE">CCTV_all_fc</itemName><imsContentType Sync="TRUE">002</imsContentType><itemLocation><linkage Sync="TRUE">file://\\DELL-34\E$\GEOG7305_Final\CCTV_all_fc.shp</linkage><protocol Sync="TRUE">Local Area Network</protocol></itemLocation><itemSize Sync="TRUE">0.000</itemSize></itemProps><coordRef><type Sync="TRUE">Geographic</type><geogcsn Sync="TRUE">GCS_WGS_1984</geogcsn><csUnits Sync="TRUE">Angular Unit: Degree (0.017453)</csUnits><peXml Sync="TRUE">&lt;GeographicCoordinateSystem xsi:type='typens:GeographicCoordinateSystem' xmlns:xsi='http://www.w3.org/2001/XMLSchema-instance' xmlns:xs='http://www.w3.org/2001/XMLSchema' xmlns:typens='http://www.esri.com/schemas/ArcGIS/3.4.0'&gt;&lt;WKT&gt;GEOGCS[&amp;quot;GCS_WGS_1984&amp;quot;,DATUM[&amp;quot;D_WGS_1984&amp;quot;,SPHEROID[&amp;quot;WGS_1984&amp;quot;,6378137.0,298.257223563]],PRIMEM[&amp;quot;Greenwich&amp;quot;,0.0],UNIT[&amp;quot;Degree&amp;quot;,0.0174532925199433],AUTHORITY[&amp;quot;EPSG&amp;quot;,4326]],VERTCS[&amp;quot;EGM96_Geoid&amp;quot;,VDATUM[&amp;quot;EGM96_Geoid&amp;quot;],PARAMETER[&amp;quot;Vertical_Shift&amp;quot;,0.0],PARAMETER[&amp;quot;Direction&amp;quot;,1.0],UNIT[&amp;quot;Meter&amp;quot;,1.0],AUTHORITY[&amp;quot;EPSG&amp;quot;,5773]]&lt;/WKT&gt;&lt;XOrigin&gt;-400&lt;/XOrigin&gt;&lt;YOrigin&gt;-400&lt;/YOrigin&gt;&lt;XYScale&gt;11258999068426.238&lt;/XYScale&gt;&lt;ZOrigin&gt;-100000&lt;/ZOrigin&gt;&lt;ZScale&gt;10000&lt;/ZScale&gt;&lt;MOrigin&gt;-100000&lt;/MOrigin&gt;&lt;MScale&gt;10000&lt;/MScale&gt;&lt;XYTolerance&gt;8.983152841195215e-09&lt;/XYTolerance&gt;&lt;ZTolerance&gt;0.001&lt;/ZTolerance&gt;&lt;MTolerance&gt;0.001&lt;/MTolerance&gt;&lt;HighPrecision&gt;true&lt;/HighPrecision&gt;&lt;LeftLongitude&gt;-180&lt;/LeftLongitude&gt;&lt;WKID&gt;4326&lt;/WKID&gt;&lt;LatestWKID&gt;4326&lt;/LatestWKID&gt;&lt;VCSWKID&gt;5773&lt;/VCSWKID&gt;&lt;LatestVCSWKID&gt;5773&lt;/LatestVCSWKID&gt;&lt;/GeographicCoordinateSystem&gt;</peXml></coordRef><lineage><Process ToolSource="c:\program files\arcgis\pro\Resources\ArcToolbox\toolboxes\Conversion Tools.tbx\ExportFeatures" Date="20250501" Time="173628">ExportFeatures CCTV2\Points E:\GEOG7305_Final\tester\tester\tester.gdb\cctv_2 # NOT_USE_ALIAS "Name "Name" true true false 320 Text 0 0,First,#,CCTV2\Points,Name,0,319;FolderPath "FolderPath" true true false 320 Text 0 0,First,#,CCTV2\Points,FolderPath,0,319;SymbolID "SymbolID" true true false 4 Long 0 0,First,#,CCTV2\Points,SymbolID,-1,-1;AltMode "AltMode" true true false 2 Short 0 0,First,#,CCTV2\Points,AltMode,-1,-1;Base "Base" true true false 8 Double 0 0,First,#,CCTV2\Points,Base,-1,-1;TimeSpan "TimeSpan" true true false 2 Short 0 0,First,#,CCTV2\Points,TimeSpan,-1,-1;TimeStamp "TimeStamp" true true false 2 Short 0 0,First,#,CCTV2\Points,TimeStamp,-1,-1;BeginTime "BeginTime" true true false 255 Text 0 0,First,#,CCTV2\Points,BeginTime,0,254;EndTime "EndTime" true true false 255 Text 0 0,First,#,CCTV2\Points,EndTime,0,254;Snippet "Snippet" true true false 268435455 Text 0 0,First,#,CCTV2\Points,Snippet,0,268435454;PopupInfo "PopupInfo" true true false 268435455 Text 0 0,First,#,CCTV2\Points,PopupInfo,0,268435454;HasLabel "HasLabel" true true false 2 Short 0 0,First,#,CCTV2\Points,HasLabel,-1,-1;LabelID "LabelID" true true false 4 Long 0 0,First,#,CCTV2\Points,LabelID,-1,-1" #</Process><Process ToolSource="c:\program files\arcgis\pro\Resources\ArcToolbox\toolboxes\Data Management Tools.tbx\Merge" Date="20250501" Time="173733">Merge cctv_2;cctv E:\GEOG7305_Final\tester\tester\tester.gdb\cctv_ALL "Name "Name" true true false 2000000000 Text 0 0,First,#,cctv_2,Name,0,319,cctv,Name,0,1999999999;FolderPath "FolderPath" true true false 320 Text 0 0,First,#,cctv_2,FolderPath,0,319;SymbolID "SymbolID" true true false 4 Long 0 0,First,#,cctv_2,SymbolID,-1,-1;AltMode "AltMode" true true false 2 Short 0 0,First,#,cctv_2,AltMode,-1,-1;Base "Base" true true false 8 Double 0 0,First,#,cctv_2,Base,-1,-1;TimeSpan "TimeSpan" true true false 2 Short 0 0,First,#,cctv_2,TimeSpan,-1,-1;TimeStamp "TimeStamp" true true false 2000000000 Short 0 0,First,#,cctv_2,TimeStamp,-1,-1,cctv,timestamp,0,1999999999;BeginTime "BeginTime" true true false 255 Text 0 0,First,#,cctv_2,BeginTime,0,254;EndTime "EndTime" true true false 255 Text 0 0,First,#,cctv_2,EndTime,0,254;Snippet "Snippet" true true false 268435455 Text 0 0,First,#,cctv_2,Snippet,0,268435454;PopupInfo "PopupInfo" true true false 268435455 Text 0 0,First,#,cctv_2,PopupInfo,0,268435454;HasLabel "HasLabel" true true false 2 Short 0 0,First,#,cctv_2,HasLabel,-1,-1;LabelID "LabelID" true true false 4 Long 0 0,First,#,cctv_2,LabelID,-1,-1;description "description" true true false 2000000000 Text 0 0,First,#,cctv,description,0,1999999999;begin "begin" true true false 2000000000 Text 0 0,First,#,cctv,begin,0,1999999999;end "end" true true false 2000000000 Text 0 0,First,#,cctv,end,0,1999999999;altitudeMode "altitudeMode" true true false 2000000000 Text 0 0,First,#,cctv,altitudeMode,0,1999999999;tessellate "tessellate" true true false 8 Double 0 0,First,#,cctv,tessellate,-1,-1;extrude "extrude" true true false 8 Double 0 0,First,#,cctv,extrude,-1,-1;visibility "visibility" true true false 8 Double 0 0,First,#,cctv,visibility,-1,-1;drawOrder "drawOrder" true true false 2000000000 Text 0 0,First,#,cctv,drawOrder,0,1999999999;icon "icon" true true false 2000000000 Text 0 0,First,#,cctv,icon,0,1999999999;InterestPointType "InterestPointType" true true false 2000000000 Text 0 0,First,#,cctv,InterestPointType,0,1999999999;DescripStr "DescripStr" true true false 2000000000 Text 0 0,First,#,cctv,DescripStr,0,1999999999;PhoneNumber "PhoneNumber" true true false 2000000000 Text 0 0,First,#,cctv,PhoneNumber,0,1999999999;LocationInfo "LocationInfo" true true false 2000000000 Text 0 0,First,#,cctv,LocationInfo,0,1999999999;RecordTime "RecordTime" true true false 2000000000 Text 0 0,First,#,cctv,RecordTime,0,1999999999;Longtitude "Longtitude" true true false 2000000000 Text 0 0,First,#,cctv,Longtitude,0,1999999999;Latitude "Latitude" true true false 2000000000 Text 0 0,First,#,cctv,Latitude,0,1999999999;Altitude "Altitude" true true false 2000000000 Text 0 0,First,#,cctv,Altitude,0,1999999999;Time "Time" true true false 2000000000 Text 0 0,First,#,cctv,Time,0,1999999999;attach "attach" true true false 2000000000 Text 0 0,First,#,cctv,attach,0,1999999999;ServerId "ServerId" true true false 2000000000 Text 0 0,First,#,cctv,ServerId,0,1999999999;PosType "PosType" true true false 2000000000 Text 0 0,First,#,cctv,PosType,0,1999999999;Speed "Speed" true true false 2000000000 Text 0 0,First,#,cctv,Speed,0,1999999999;Accuracy "Accuracy" true true false 2000000000 Text 0 0,First,#,cctv,Accuracy,0,1999999999;layer "layer" true true false 2000000000 Text 0 0,First,#,cctv,layer,0,1999999999;path "path" true true false 2000000000 Text 0 0,First,#,cctv,path,0,1999999999" NO_SOURCE_INFO MANUAL_EDIT</Process><Process ToolSource="c:\program files\arcgis\pro\Resources\ArcToolbox\toolboxes\Conversion Tools.tbx\ExportFeatures" Date="20250501" Time="174235">ExportFeatures cctv_ALL E:\GEOG7305_Final\CCTV_all_fc.shp # NOT_USE_ALIAS "Name "Name" true true false 2000000000 Text 0 0,First,#,cctv_ALL,Name,0,1999999999;FolderPath "FolderPath" true true false 320 Text 0 0,First,#,cctv_ALL,FolderPath,0,319;SymbolID "SymbolID" true true false 4 Long 0 0,First,#,cctv_ALL,SymbolID,-1,-1;AltMode "AltMode" true true false 2 Short 0 0,First,#,cctv_ALL,AltMode,-1,-1;Base "Base" true true false 8 Double 0 0,First,#,cctv_ALL,Base,-1,-1;TimeSpan "TimeSpan" true true false 2 Short 0 0,First,#,cctv_ALL,TimeSpan,-1,-1;TimeStamp "TimeStamp" true true false 2 Short 0 0,First,#,cctv_ALL,TimeStamp,-1,-1;BeginTime "BeginTime" true true false 255 Text 0 0,First,#,cctv_ALL,BeginTime,0,254;EndTime "EndTime" true true false 255 Text 0 0,First,#,cctv_ALL,EndTime,0,254;Snippet "Snippet" true true false 268435455 Text 0 0,First,#,cctv_ALL,Snippet,0,268435454;PopupInfo "PopupInfo" true true false 268435455 Text 0 0,First,#,cctv_ALL,PopupInfo,0,268435454;HasLabel "HasLabel" true true false 2 Short 0 0,First,#,cctv_ALL,HasLabel,-1,-1;LabelID "LabelID" true true false 4 Long 0 0,First,#,cctv_ALL,LabelID,-1,-1;description "description" true true false 2000000000 Text 0 0,First,#,cctv_ALL,description,0,1999999999;begin "begin" true true false 2000000000 Text 0 0,First,#,cctv_ALL,begin,0,1999999999;end "end" true true false 2000000000 Text 0 0,First,#,cctv_ALL,end,0,1999999999;altitudeMode "altitudeMode" true true false 2000000000 Text 0 0,First,#,cctv_ALL,altitudeMode,0,1999999999;tessellate "tessellate" true true false 8 Double 0 0,First,#,cctv_ALL,tessellate,-1,-1;extrude "extrude" true true false 8 Double 0 0,First,#,cctv_ALL,extrude,-1,-1;visibility "visibility" true true false 8 Double 0 0,First,#,cctv_ALL,visibility,-1,-1;drawOrder "drawOrder" true true false 2000000000 Text 0 0,First,#,cctv_ALL,drawOrder,0,1999999999;icon "icon" true true false 2000000000 Text 0 0,First,#,cctv_ALL,icon,0,1999999999;InterestPointType "InterestPointType" true true false 2000000000 Text 0 0,First,#,cctv_ALL,InterestPointType,0,1999999999;DescripStr "DescripStr" true true false 2000000000 Text 0 0,First,#,cctv_ALL,DescripStr,0,1999999999;PhoneNumber "PhoneNumber" true true false 2000000000 Text 0 0,First,#,cctv_ALL,PhoneNumber,0,1999999999;LocationInfo "LocationInfo" true true false 2000000000 Text 0 0,First,#,cctv_ALL,LocationInfo,0,1999999999;RecordTime "RecordTime" true true false 2000000000 Text 0 0,First,#,cctv_ALL,RecordTime,0,1999999999;Longtitude "Longtitude" true true false 2000000000 Text 0 0,First,#,cctv_ALL,Longtitude,0,1999999999;Latitude "Latitude" true true false 2000000000 Text 0 0,First,#,cctv_ALL,Latitude,0,1999999999;Altitude "Altitude" true true false 2000000000 Text 0 0,First,#,cctv_ALL,Altitude,0,1999999999;Time "Time" true true false 2000000000 Text 0 0,First,#,cctv_ALL,Time,0,1999999999;attach "attach" true true false 2000000000 Text 0 0,First,#,cctv_ALL,attach,0,1999999999;ServerId "ServerId" true true false 2000000000 Text 0 0,First,#,cctv_ALL,ServerId,0,1999999999;PosType "PosType" true true false 2000000000 Text 0 0,First,#,cctv_ALL,PosType,0,1999999999;Speed "Speed" true true false 2000000000 Text 0 0,First,#,cctv_ALL,Speed,0,1999999999;Accuracy "Accuracy" true true false 2000000000 Text 0 0,First,#,cctv_ALL,Accuracy,0,1999999999;layer "layer" true true false 2000000000 Text 0 0,First,#,cctv_ALL,layer,0,1999999999;path "path" true true false 2000000000 Text 0 0,First,#,cctv_ALL,path,0,1999999999" #</Process></lineage></DataProperties><SyncDate>20250501</SyncDate><SyncTime>17423500</SyncTime><ModDate>20250501</ModDate><ModTime>17423500</ModTime></Esri><dataIdInfo><envirDesc Sync="TRUE">Microsoft Windows 10 Version 10.0 (Build 19045) ; Esri ArcGIS 13.4.0.55405</envirDesc><dataLang><languageCode value="eng" Sync="TRUE"></languageCode><countryCode value="USA" Sync="TRUE"></countryCode></dataLang><idCitation><resTitle Sync="TRUE">CCTV_all_fc</resTitle><presForm><PresFormCd value="005" Sync="TRUE"></PresFormCd></presForm></idCitation><spatRpType><SpatRepTypCd value="001" Sync="TRUE"></SpatRepTypCd></spatRpType></dataIdInfo><mdLang><languageCode value="eng" Sync="TRUE"></languageCode><countryCode value="USA" Sync="TRUE"></countryCode></mdLang><distInfo><distFormat><formatName Sync="TRUE">Shapefile</formatName></distFormat><distTranOps><transSize Sync="TRUE">0.000</transSize></distTranOps></distInfo><mdHrLv><ScopeCd value="005" Sync="TRUE"></ScopeCd></mdHrLv><mdHrLvName Sync="TRUE">dataset</mdHrLvName><refSysInfo><RefSystem><refSysID><identCode code="4326" Sync="TRUE"></identCode><idCodeSpace Sync="TRUE">EPSG</idCodeSpace><idVersion Sync="TRUE">6.2(3.0.1)</idVersion></refSysID></RefSystem></refSysInfo><spatRepInfo><VectSpatRep><geometObjs Name="CCTV_all_fc"><geoObjTyp><GeoObjTypCd value="004" Sync="TRUE"></GeoObjTypCd></geoObjTyp><geoObjCnt Sync="TRUE">0</geoObjCnt></geometObjs><topLvl><TopoLevCd value="001" Sync="TRUE"></TopoLevCd></topLvl></VectSpatRep></spatRepInfo><spdoinfo><ptvctinf><esriterm Name="CCTV_all_fc"><efeatyp Sync="TRUE">Simple</efeatyp><efeageom code="1" Sync="TRUE"></efeageom><esritopo Sync="TRUE">FALSE</esritopo><efeacnt Sync="TRUE">0</efeacnt><spindex Sync="TRUE">FALSE</spindex><linrefer Sync="TRUE">TRUE</linrefer></esriterm></ptvctinf></spdoinfo><eainfo><detailed Name="CCTV_all_fc"><enttyp><enttypl Sync="TRUE">CCTV_all_fc</enttypl><enttypt Sync="TRUE">Feature Class</enttypt><enttypc Sync="TRUE">0</enttypc></enttyp><attr><attrlabl Sync="TRUE">FID</attrlabl><attalias Sync="TRUE">FID</attalias><attrtype Sync="TRUE">OID</attrtype><attwidth Sync="TRUE">4</attwidth><atprecis Sync="TRUE">0</atprecis><attscale Sync="TRUE">0</attscale><attrdef Sync="TRUE">Internal feature number.</attrdef><attrdefs Sync="TRUE">Esri</attrdefs><attrdomv><udom Sync="TRUE">Sequential unique whole numbers that are automatically generated.</udom></attrdomv></attr><attr><attrlabl Sync="TRUE">Shape</attrlabl><attalias Sync="TRUE">Shape</attalias><attrtype Sync="TRUE">Geometry</attrtype><attwidth Sync="TRUE">0</attwidth><atprecis Sync="TRUE">0</atprecis><attscale Sync="TRUE">0</attscale><attrdef Sync="TRUE">Feature geometry.</attrdef><attrdefs Sync="TRUE">Esri</attrdefs><attrdomv><udom Sync="TRUE">Coordinates defining the features.</udom></attrdomv></attr><attr><attrlabl Sync="TRUE">Name</attrlabl><attalias Sync="TRUE">Name</attalias><attrtype Sync="TRUE">String</attrtype><attwidth Sync="TRUE">254</attwidth><atprecis Sync="TRUE">0</atprecis><attscale Sync="TRUE">0</attscale></attr><attr><attrlabl Sync="TRUE">FolderPath</attrlabl><attalias Sync="TRUE">FolderPath</attalias><attrtype Sync="TRUE">String</attrtype><attwidth Sync="TRUE">254</attwidth><atprecis Sync="TRUE">0</atprecis><attscale Sync="TRUE">0</attscale></attr><attr><attrlabl Sync="TRUE">SymbolID</attrlabl><attalias Sync="TRUE">SymbolID</attalias><attrtype Sync="TRUE">Integer</attrtype><attwidth Sync="TRUE">10</attwidth><atprecis Sync="TRUE">10</atprecis><attscale Sync="TRUE">0</attscale></attr><attr><attrlabl Sync="TRUE">AltMode</attrlabl><attalias Sync="TRUE">AltMode</attalias><attrtype Sync="TRUE">Integer</attrtype><attwidth Sync="TRUE">5</attwidth><atprecis Sync="TRUE">5</atprecis><attscale Sync="TRUE">0</attscale></attr><attr><attrlabl Sync="TRUE">Base</attrlabl><attalias Sync="TRUE">Base</attalias><attrtype Sync="TRUE">Double</attrtype><attwidth Sync="TRUE">19</attwidth><atprecis Sync="TRUE">0</atprecis><attscale Sync="TRUE">0</attscale></attr><attr><attrlabl Sync="TRUE">TimeSpan</attrlabl><attalias Sync="TRUE">TimeSpan</attalias><attrtype Sync="TRUE">Integer</attrtype><attwidth Sync="TRUE">5</attwidth><atprecis Sync="TRUE">5</atprecis><attscale Sync="TRUE">0</attscale></attr><attr><attrlabl Sync="TRUE">TimeStamp</attrlabl><attalias Sync="TRUE">TimeStamp</attalias><attrtype Sync="TRUE">Integer</attrtype><attwidth Sync="TRUE">5</attwidth><atprecis Sync="TRUE">5</atprecis><attscale Sync="TRUE">0</attscale></attr><attr><attrlabl Sync="TRUE">BeginTime</attrlabl><attalias Sync="TRUE">BeginTime</attalias><attrtype Sync="TRUE">String</attrtype><attwidth Sync="TRUE">254</attwidth><atprecis Sync="TRUE">0</atprecis><attscale Sync="TRUE">0</attscale></attr><attr><attrlabl Sync="TRUE">EndTime</attrlabl><attalias Sync="TRUE">EndTime</attalias><attrtype Sync="TRUE">String</attrtype><attwidth Sync="TRUE">254</attwidth><atprecis Sync="TRUE">0</atprecis><attscale Sync="TRUE">0</attscale></attr><attr><attrlabl Sync="TRUE">Snippet</attrlabl><attalias Sync="TRUE">Snippet</attalias><attrtype Sync="TRUE">String</attrtype><attwidth Sync="TRUE">254</attwidth><atprecis Sync="TRUE">0</atprecis><attscale Sync="TRUE">0</attscale></attr><attr><attrlabl Sync="TRUE">PopupInfo</attrlabl><attalias Sync="TRUE">PopupInfo</attalias><attrtype Sync="TRUE">String</attrtype><attwidth Sync="TRUE">254</attwidth><atprecis Sync="TRUE">0</atprecis><attscale Sync="TRUE">0</attscale></attr><attr><attrlabl Sync="TRUE">HasLabel</attrlabl><attalias Sync="TRUE">HasLabel</attalias><attrtype Sync="TRUE">Integer</attrtype><attwidth Sync="TRUE">5</attwidth><atprecis Sync="TRUE">5</atprecis><attscale Sync="TRUE">0</attscale></attr><attr><attrlabl Sync="TRUE">LabelID</attrlabl><attalias Sync="TRUE">LabelID</attalias><attrtype Sync="TRUE">Integer</attrtype><attwidth Sync="TRUE">10</attwidth><atprecis Sync="TRUE">10</atprecis><attscale Sync="TRUE">0</attscale></attr><attr><attrlabl Sync="TRUE">descriptio</attrlabl><attalias Sync="TRUE">descriptio</attalias><attrtype Sync="TRUE">String</attrtype><attwidth Sync="TRUE">254</attwidth><atprecis Sync="TRUE">0</atprecis><attscale Sync="TRUE">0</attscale></attr><attr><attrlabl Sync="TRUE">begin</attrlabl><attalias Sync="TRUE">begin</attalias><attrtype Sync="TRUE">String</attrtype><attwidth Sync="TRUE">254</attwidth><atprecis Sync="TRUE">0</atprecis><attscale Sync="TRUE">0</attscale></attr><attr><attrlabl Sync="TRUE">end</attrlabl><attalias Sync="TRUE">end</attalias><attrtype Sync="TRUE">String</attrtype><attwidth Sync="TRUE">254</attwidth><atprecis Sync="TRUE">0</atprecis><attscale Sync="TRUE">0</attscale></attr><attr><attrlabl Sync="TRUE">altitudeMo</attrlabl><attalias Sync="TRUE">altitudeMo</attalias><attrtype Sync="TRUE">String</attrtype><attwidth Sync="TRUE">254</attwidth><atprecis Sync="TRUE">0</atprecis><attscale Sync="TRUE">0</attscale></attr><attr><attrlabl Sync="TRUE">tessellate</attrlabl><attalias Sync="TRUE">tessellate</attalias><attrtype Sync="TRUE">Double</attrtype><attwidth Sync="TRUE">19</attwidth><atprecis Sync="TRUE">0</atprecis><attscale Sync="TRUE">0</attscale></attr><attr><attrlabl Sync="TRUE">extrude</attrlabl><attalias Sync="TRUE">extrude</attalias><attrtype Sync="TRUE">Double</attrtype><attwidth Sync="TRUE">19</attwidth><atprecis Sync="TRUE">0</atprecis><attscale Sync="TRUE">0</attscale></attr><attr><attrlabl Sync="TRUE">visibility</attrlabl><attalias Sync="TRUE">visibility</attalias><attrtype Sync="TRUE">Double</attrtype><attwidth Sync="TRUE">19</attwidth><atprecis Sync="TRUE">0</atprecis><attscale Sync="TRUE">0</attscale></attr><attr><attrlabl Sync="TRUE">drawOrder</attrlabl><attalias Sync="TRUE">drawOrder</attalias><attrtype Sync="TRUE">String</attrtype><attwidth Sync="TRUE">254</attwidth><atprecis Sync="TRUE">0</atprecis><attscale Sync="TRUE">0</attscale></attr><attr><attrlabl Sync="TRUE">icon</attrlabl><attalias Sync="TRUE">icon</attalias><attrtype Sync="TRUE">String</attrtype><attwidth Sync="TRUE">254</attwidth><atprecis Sync="TRUE">0</atprecis><attscale Sync="TRUE">0</attscale></attr><attr><attrlabl Sync="TRUE">InterestPo</attrlabl><attalias Sync="TRUE">InterestPo</attalias><attrtype Sync="TRUE">String</attrtype><attwidth Sync="TRUE">254</attwidth><atprecis Sync="TRUE">0</atprecis><attscale Sync="TRUE">0</attscale></attr><attr><attrlabl Sync="TRUE">DescripStr</attrlabl><attalias Sync="TRUE">DescripStr</attalias><attrtype Sync="TRUE">String</attrtype><attwidth Sync="TRUE">254</attwidth><atprecis Sync="TRUE">0</atprecis><attscale Sync="TRUE">0</attscale></attr><attr><attrlabl Sync="TRUE">PhoneNumbe</attrlabl><attalias Sync="TRUE">PhoneNumbe</attalias><attrtype Sync="TRUE">String</attrtype><attwidth Sync="TRUE">254</attwidth><atprecis Sync="TRUE">0</atprecis><attscale Sync="TRUE">0</attscale></attr><attr><attrlabl Sync="TRUE">LocationIn</attrlabl><attalias Sync="TRUE">LocationIn</attalias><attrtype Sync="TRUE">String</attrtype><attwidth Sync="TRUE">254</attwidth><atprecis Sync="TRUE">0</atprecis><attscale Sync="TRUE">0</attscale></attr><attr><attrlabl Sync="TRUE">RecordTime</attrlabl><attalias Sync="TRUE">RecordTime</attalias><attrtype Sync="TRUE">String</attrtype><attwidth Sync="TRUE">254</attwidth><atprecis Sync="TRUE">0</atprecis><attscale Sync="TRUE">0</attscale></attr><attr><attrlabl Sync="TRUE">Longtitude</attrlabl><attalias Sync="TRUE">Longtitude</attalias><attrtype Sync="TRUE">String</attrtype><attwidth Sync="TRUE">254</attwidth><atprecis Sync="TRUE">0</atprecis><attscale Sync="TRUE">0</attscale></attr><attr><attrlabl Sync="TRUE">Latitude</attrlabl><attalias Sync="TRUE">Latitude</attalias><attrtype Sync="TRUE">String</attrtype><attwidth Sync="TRUE">254</attwidth><atprecis Sync="TRUE">0</atprecis><attscale Sync="TRUE">0</attscale></attr><attr><attrlabl Sync="TRUE">Altitude</attrlabl><attalias Sync="TRUE">Altitude</attalias><attrtype Sync="TRUE">String</attrtype><attwidth Sync="TRUE">254</attwidth><atprecis Sync="TRUE">0</atprecis><attscale Sync="TRUE">0</attscale></attr><attr><attrlabl Sync="TRUE">Time</attrlabl><attalias Sync="TRUE">Time</attalias><attrtype Sync="TRUE">String</attrtype><attwidth Sync="TRUE">254</attwidth><atprecis Sync="TRUE">0</atprecis><attscale Sync="TRUE">0</attscale></attr><attr><attrlabl Sync="TRUE">attach</attrlabl><attalias Sync="TRUE">attach</attalias><attrtype Sync="TRUE">String</attrtype><attwidth Sync="TRUE">254</attwidth><atprecis Sync="TRUE">0</atprecis><attscale Sync="TRUE">0</attscale></attr><attr><attrlabl Sync="TRUE">ServerId</attrlabl><attalias Sync="TRUE">ServerId</attalias><attrtype Sync="TRUE">String</attrtype><attwidth Sync="TRUE">254</attwidth><atprecis Sync="TRUE">0</atprecis><attscale Sync="TRUE">0</attscale></attr><attr><attrlabl Sync="TRUE">PosType</attrlabl><attalias Sync="TRUE">PosType</attalias><attrtype Sync="TRUE">String</attrtype><attwidth Sync="TRUE">254</attwidth><atprecis Sync="TRUE">0</atprecis><attscale Sync="TRUE">0</attscale></attr><attr><attrlabl Sync="TRUE">Speed</attrlabl><attalias Sync="TRUE">Speed</attalias><attrtype Sync="TRUE">String</attrtype><attwidth Sync="TRUE">254</attwidth><atprecis Sync="TRUE">0</atprecis><attscale Sync="TRUE">0</attscale></attr><attr><attrlabl Sync="TRUE">Accuracy</attrlabl><attalias Sync="TRUE">Accuracy</attalias><attrtype Sync="TRUE">String</attrtype><attwidth Sync="TRUE">254</attwidth><atprecis Sync="TRUE">0</atprecis><attscale Sync="TRUE">0</attscale></attr><attr><attrlabl Sync="TRUE">layer</attrlabl><attalias Sync="TRUE">layer</attalias><attrtype Sync="TRUE">String</attrtype><attwidth Sync="TRUE">254</attwidth><atprecis Sync="TRUE">0</atprecis><attscale Sync="TRUE">0</attscale></attr><attr><attrlabl Sync="TRUE">path</attrlabl><attalias Sync="TRUE">path</attalias><attrtype Sync="TRUE">String</attrtype><attwidth Sync="TRUE">254</attwidth><atprecis Sync="TRUE">0</atprecis><attscale Sync="TRUE">0</attscale></attr></detailed></eainfo><mdDateSt Sync="TRUE">20250501</mdDateSt></metadata>
