<metadata xml:lang="zh"><Esri><CreaDate>20250430</CreaDate><CreaTime>20191600</CreaTime><ArcGISFormat>1.0</ArcGISFormat><SyncOnce>FALSE</SyncOnce><DataProperties><itemProps><itemName Sync="TRUE">HKU_ROUTE_MEAN_PopDen</itemName><imsContentType Sync="TRUE">002</imsContentType><itemLocation><linkage Sync="TRUE">file://\\LAPTOP-6N6L3DVA\D$\7305programming\HKU_ROUTE_MEAN_PopDen.shp</linkage><protocol Sync="TRUE">Local Area Network</protocol></itemLocation><itemSize Sync="TRUE">0.000</itemSize></itemProps><coordRef><type Sync="TRUE">Projected</type><geogcsn Sync="TRUE">GCS_Hong_Kong_1980</geogcsn><csUnits Sync="TRUE">Linear Unit: Meter (1.000000)</csUnits><projcsn Sync="TRUE">Hong_Kong_1980_Grid</projcsn><peXml Sync="TRUE">&lt;ProjectedCoordinateSystem xsi:type='typens:ProjectedCoordinateSystem' xmlns:xsi='http://www.w3.org/2001/XMLSchema-instance' xmlns:xs='http://www.w3.org/2001/XMLSchema' xmlns:typens='http://www.esri.com/schemas/ArcGIS/3.3.0'&gt;&lt;WKT&gt;PROJCS[&amp;quot;Hong_Kong_1980_Grid&amp;quot;,GEOGCS[&amp;quot;GCS_Hong_Kong_1980&amp;quot;,DATUM[&amp;quot;D_Hong_Kong_1980&amp;quot;,SPHEROID[&amp;quot;International_1924&amp;quot;,6378388.0,297.0]],PRIMEM[&amp;quot;Greenwich&amp;quot;,0.0],UNIT[&amp;quot;Degree&amp;quot;,0.0174532925199433]],PROJECTION[&amp;quot;Transverse_Mercator&amp;quot;],PARAMETER[&amp;quot;False_Easting&amp;quot;,836694.05],PARAMETER[&amp;quot;False_Northing&amp;quot;,819069.8],PARAMETER[&amp;quot;Central_Meridian&amp;quot;,114.1785555555556],PARAMETER[&amp;quot;Scale_Factor&amp;quot;,1.0],PARAMETER[&amp;quot;Latitude_Of_Origin&amp;quot;,22.31213333333334],UNIT[&amp;quot;Meter&amp;quot;,1.0],AUTHORITY[&amp;quot;EPSG&amp;quot;,2326]],VERTCS[&amp;quot;Hong_Kong_Principal_Datum&amp;quot;,VDATUM[&amp;quot;Hong_Kong_Principal_Datum&amp;quot;],PARAMETER[&amp;quot;Vertical_Shift&amp;quot;,0.0],PARAMETER[&amp;quot;Direction&amp;quot;,1.0],UNIT[&amp;quot;Meter&amp;quot;,1.0],AUTHORITY[&amp;quot;EPSG&amp;quot;,5738]]&lt;/WKT&gt;&lt;XOrigin&gt;-4786700&lt;/XOrigin&gt;&lt;YOrigin&gt;-11651800&lt;/YOrigin&gt;&lt;XYScale&gt;450249651.57241428&lt;/XYScale&gt;&lt;ZOrigin&gt;-100000&lt;/ZOrigin&gt;&lt;ZScale&gt;10000&lt;/ZScale&gt;&lt;MOrigin&gt;-100000&lt;/MOrigin&gt;&lt;MScale&gt;10000&lt;/MScale&gt;&lt;XYTolerance&gt;0.001&lt;/XYTolerance&gt;&lt;ZTolerance&gt;0.001&lt;/ZTolerance&gt;&lt;MTolerance&gt;0.001&lt;/MTolerance&gt;&lt;HighPrecision&gt;true&lt;/HighPrecision&gt;&lt;WKID&gt;102140&lt;/WKID&gt;&lt;LatestWKID&gt;2326&lt;/LatestWKID&gt;&lt;VCSWKID&gt;5738&lt;/VCSWKID&gt;&lt;LatestVCSWKID&gt;5738&lt;/LatestVCSWKID&gt;&lt;/ProjectedCoordinateSystem&gt;</peXml></coordRef><lineage><Process ToolSource="d:\arcgis\Resources\ArcToolbox\toolboxes\Conversion Tools.tbx\ExportFeatures" Date="20250430" Time="201916">ExportFeatures "Pedestrian Route" D:\7305programming\tester\tester.gdb\HKU_Route # NOT_USE_ALIAS "OBJECTID "OBJECTID" true true false 11 Double 0 11,First,#,Pedestrian Route,OBJECTID,-1,-1;Pedestrian "Pedestrian" true true false 11 Double 0 11,First,#,Pedestrian Route,Pedestrian,-1,-1;Location "Location" true true false 7 Text 0 0,First,#,Pedestrian Route,Location,0,6;FeatureTyp "FeatureTyp" true true false 31 Text 0 0,First,#,Pedestrian Route,FeatureTyp,0,30;AliasNameE "AliasNameE" true true false 254 Text 0 0,First,#,Pedestrian Route,AliasNameE,0,253;AliasNameT "AliasNameT" true true false 254 Text 0 0,First,#,Pedestrian Route,AliasNameT,0,253;CrossingFe "CrossingFe" true true false 26 Text 0 0,First,#,Pedestrian Route,CrossingFe,0,25;WeatherPro "WeatherPro" true true false 12 Text 0 0,First,#,Pedestrian Route,WeatherPro,0,11;Wheelchair "Wheelchair" true true false 5 Text 0 0,First,#,Pedestrian Route,Wheelchair,0,4;Wheelcha00 "Wheelcha00" true true false 5 Text 0 0,First,#,Pedestrian Route,Wheelcha00,0,4;ObstaclesT "ObstaclesT" true true false 12 Text 0 0,First,#,Pedestrian Route,ObstaclesT,0,11;Gradient "Gradient" true true false 31 Double 0 0,First,#,Pedestrian Route,Gradient,-1,-1;Direction "Direction" true true false 16 Text 0 0,First,#,Pedestrian Route,Direction,0,15;PositionCe "PositionCe" true true false 9 Text 0 0,First,#,Pedestrian Route,PositionCe,0,8;Enabled "Enabled" true true false 5 Text 0 0,First,#,Pedestrian Route,Enabled,0,4;DataSource "DataSource" true true false 13 Text 0 0,First,#,Pedestrian Route,DataSource,0,12;LevelSourc "LevelSourc" true true false 13 Text 0 0,First,#,Pedestrian Route,LevelSourc,0,12;StreetName "StreetName" true true false 100 Text 0 0,First,#,Pedestrian Route,StreetName,0,99;StreetNa00 "StreetNa00" true true false 100 Text 0 0,First,#,Pedestrian Route,StreetNa00,0,99;ST_CODE "ST_CODE" true true false 11 Double 0 11,First,#,Pedestrian Route,ST_CODE,-1,-1;FloorID "FloorID" true true false 11 Double 0 11,First,#,Pedestrian Route,FloorID,-1,-1;BuildingID "BuildingID" true true false 11 Double 0 11,First,#,Pedestrian Route,BuildingID,-1,-1;Building00 "Building00" true true false 11 Double 0 11,First,#,Pedestrian Route,Building00,-1,-1;SiteID "SiteID" true true false 11 Double 0 11,First,#,Pedestrian Route,SiteID,-1,-1;TerminalID "TerminalID" true true false 11 Double 0 11,First,#,Pedestrian Route,TerminalID,-1,-1;AccessTime "AccessTime" true true false 11 Double 0 11,First,#,Pedestrian Route,AccessTime,-1,-1;CreationDa "CreationDa" true true false 21 Text 0 0,First,#,Pedestrian Route,CreationDa,0,20;ModifiedBy "ModifiedBy" true true false 254 Text 0 0,First,#,Pedestrian Route,ModifiedBy,0,253;LastAmendm "LastAmendm" true true false 21 Text 0 0,First,#,Pedestrian Route,LastAmendm,0,20;Shape_Leng "Shape_Leng" true true false 31 Double 0 0,First,#,Pedestrian Route,Shape_Leng,-1,-1" #</Process><Process ToolSource="d:\arcgis\Resources\ArcToolbox\toolboxes\Conversion Tools.tbx\ExportFeatures" Date="20250501" Time="204833">ExportFeatures HKU_Route D:\7305programming\HKU_ROUTE_MEAN_PopDen.shp # NOT_USE_ALIAS "OBJECTID_1 "OBJECTID" true true false 8 Double 0 0,First,#,HKU_Route,HKU_Route.OBJECTID_1,-1,-1;Pedestrian "Pedestrian" true true false 8 Double 0 0,First,#,HKU_Route,HKU_Route.Pedestrian,-1,-1;Location "Location" true true false 7 Text 0 0,First,#,HKU_Route,HKU_Route.Location,0,6;FeatureTyp "FeatureTyp" true true false 31 Text 0 0,First,#,HKU_Route,HKU_Route.FeatureTyp,0,30;AliasNameE "AliasNameE" true true false 254 Text 0 0,First,#,HKU_Route,HKU_Route.AliasNameE,0,253;AliasNameT "AliasNameT" true true false 254 Text 0 0,First,#,HKU_Route,HKU_Route.AliasNameT,0,253;CrossingFe "CrossingFe" true true false 26 Text 0 0,First,#,HKU_Route,HKU_Route.CrossingFe,0,25;WeatherPro "WeatherPro" true true false 12 Text 0 0,First,#,HKU_Route,HKU_Route.WeatherPro,0,11;Wheelchair "Wheelchair" true true false 5 Text 0 0,First,#,HKU_Route,HKU_Route.Wheelchair,0,4;Wheelcha00 "Wheelcha00" true true false 5 Text 0 0,First,#,HKU_Route,HKU_Route.Wheelcha00,0,4;ObstaclesT "ObstaclesT" true true false 12 Text 0 0,First,#,HKU_Route,HKU_Route.ObstaclesT,0,11;Gradient "Gradient" true true false 8 Double 0 0,First,#,HKU_Route,HKU_Route.Gradient,-1,-1;Direction "Direction" true true false 16 Text 0 0,First,#,HKU_Route,HKU_Route.Direction,0,15;PositionCe "PositionCe" true true false 9 Text 0 0,First,#,HKU_Route,HKU_Route.PositionCe,0,8;Enabled "Enabled" true true false 5 Text 0 0,First,#,HKU_Route,HKU_Route.Enabled,0,4;DataSource "DataSource" true true false 13 Text 0 0,First,#,HKU_Route,HKU_Route.DataSource,0,12;LevelSourc "LevelSourc" true true false 13 Text 0 0,First,#,HKU_Route,HKU_Route.LevelSourc,0,12;StreetName "StreetName" true true false 100 Text 0 0,First,#,HKU_Route,HKU_Route.StreetName,0,99;StreetNa00 "StreetNa00" true true false 100 Text 0 0,First,#,HKU_Route,HKU_Route.StreetNa00,0,99;ST_CODE "ST_CODE" true true false 8 Double 0 0,First,#,HKU_Route,HKU_Route.ST_CODE,-1,-1;FloorID "FloorID" true true false 8 Double 0 0,First,#,HKU_Route,HKU_Route.FloorID,-1,-1;BuildingID "BuildingID" true true false 8 Double 0 0,First,#,HKU_Route,HKU_Route.BuildingID,-1,-1;Building00 "Building00" true true false 8 Double 0 0,First,#,HKU_Route,HKU_Route.Building00,-1,-1;SiteID "SiteID" true true false 8 Double 0 0,First,#,HKU_Route,HKU_Route.SiteID,-1,-1;TerminalID "TerminalID" true true false 8 Double 0 0,First,#,HKU_Route,HKU_Route.TerminalID,-1,-1;AccessTime "AccessTime" true true false 8 Double 0 0,First,#,HKU_Route,HKU_Route.AccessTime,-1,-1;CreationDa "CreationDa" true true false 21 Text 0 0,First,#,HKU_Route,HKU_Route.CreationDa,0,20;ModifiedBy "ModifiedBy" true true false 254 Text 0 0,First,#,HKU_Route,HKU_Route.ModifiedBy,0,253;LastAmendm "LastAmendm" true true false 21 Text 0 0,First,#,HKU_Route,HKU_Route.LastAmendm,0,20;Shape_Leng "Shape_Leng" true true false 8 Double 0 0,First,#,HKU_Route,HKU_Route.Shape_Leng,-1,-1;Shape_Length "Shape_Length" false true true 8 Double 0 0,First,#,HKU_Route,HKU_Route.Shape_Length,-1,-1;OBJECTID "OBJECTID" false true false 4 Long 0 9,First,#,HKU_Route,ZonalSt_HKU_Rou1.OBJECTID,-1,-1;OBJECTID_1 "OBJECTID_1" true true false 4 Long 0 0,First,#,HKU_Route,ZonalSt_HKU_Rou1.OBJECTID_1,-1,-1;COUNT "COUNT" true true false 8 Double 0 0,First,#,HKU_Route,ZonalSt_HKU_Rou1.COUNT,-1,-1;AREA "AREA" true true false 8 Double 0 0,First,#,HKU_Route,ZonalSt_HKU_Rou1.AREA,-1,-1;MEAN "MEAN" true true false 8 Double 0 0,First,#,HKU_Route,ZonalSt_HKU_Rou1.MEAN,-1,-1" #</Process></lineage></DataProperties><SyncDate>20250501</SyncDate><SyncTime>20483200</SyncTime><ModDate>20250501</ModDate><ModTime>20483200</ModTime></Esri><dataIdInfo><envirDesc Sync="TRUE">Microsoft Windows 10 Version 10.0 (Build 26100) ; Esri ArcGIS 13.3.0.52636</envirDesc><dataLang><languageCode value="zho" Sync="TRUE"></languageCode><countryCode value="CHN" Sync="TRUE"></countryCode></dataLang><idCitation><resTitle Sync="TRUE">HKU_ROUTE_MEAN_PopDen</resTitle><presForm><PresFormCd value="005" Sync="TRUE"></PresFormCd></presForm></idCitation><spatRpType><SpatRepTypCd value="001" Sync="TRUE"></SpatRepTypCd></spatRpType></dataIdInfo><mdLang><languageCode value="zho" Sync="TRUE"></languageCode><countryCode value="CHN" Sync="TRUE"></countryCode></mdLang><distInfo><distFormat><formatName Sync="TRUE">Shapefile</formatName></distFormat><distTranOps><transSize Sync="TRUE">0.000</transSize></distTranOps></distInfo><mdHrLv><ScopeCd value="005" Sync="TRUE"></ScopeCd></mdHrLv><mdHrLvName Sync="TRUE">dataset</mdHrLvName><refSysInfo><RefSystem><refSysID><identCode code="2326" Sync="TRUE"></identCode><idCodeSpace Sync="TRUE">EPSG</idCodeSpace><idVersion Sync="TRUE">6.9(9.0.0)</idVersion></refSysID></RefSystem></refSysInfo><spatRepInfo><VectSpatRep><geometObjs Name="HKU_ROUTE_MEAN_PopDen"><geoObjTyp><GeoObjTypCd value="002" Sync="TRUE"></GeoObjTypCd></geoObjTyp><geoObjCnt Sync="TRUE">0</geoObjCnt></geometObjs><topLvl><TopoLevCd value="001" Sync="TRUE"></TopoLevCd></topLvl></VectSpatRep></spatRepInfo><spdoinfo><ptvctinf><esriterm Name="HKU_ROUTE_MEAN_PopDen"><efeatyp Sync="TRUE">Simple</efeatyp><efeageom code="3" Sync="TRUE"></efeageom><esritopo Sync="TRUE">FALSE</esritopo><efeacnt Sync="TRUE">0</efeacnt><spindex Sync="TRUE">FALSE</spindex><linrefer Sync="TRUE">TRUE</linrefer></esriterm></ptvctinf></spdoinfo><eainfo><detailed Name="HKU_ROUTE_MEAN_PopDen"><enttyp><enttypl Sync="TRUE">HKU_ROUTE_MEAN_PopDen</enttypl><enttypt Sync="TRUE">Feature Class</enttypt><enttypc Sync="TRUE">0</enttypc></enttyp><attr><attrlabl Sync="TRUE">FID</attrlabl><attalias Sync="TRUE">FID</attalias><attrtype Sync="TRUE">OID</attrtype><attwidth Sync="TRUE">4</attwidth><atprecis Sync="TRUE">0</atprecis><attscale Sync="TRUE">0</attscale><attrdef Sync="TRUE">Internal feature number.</attrdef><attrdefs Sync="TRUE">Esri</attrdefs><attrdomv><udom Sync="TRUE">Sequential unique whole numbers that are automatically generated.</udom></attrdomv></attr><attr><attrlabl Sync="TRUE">Shape</attrlabl><attalias Sync="TRUE">Shape</attalias><attrtype Sync="TRUE">Geometry</attrtype><attwidth Sync="TRUE">0</attwidth><atprecis Sync="TRUE">0</atprecis><attscale Sync="TRUE">0</attscale><attrdef Sync="TRUE">Feature geometry.</attrdef><attrdefs Sync="TRUE">Esri</attrdefs><attrdomv><udom Sync="TRUE">Coordinates defining the features.</udom></attrdomv></attr><attr><attrlabl Sync="TRUE">OBJECTID_1</attrlabl><attalias Sync="TRUE">OBJECTID_1</attalias><attrtype Sync="TRUE">Double</attrtype><attwidth Sync="TRUE">19</attwidth><atprecis Sync="TRUE">0</atprecis><attscale Sync="TRUE">0</attscale></attr><attr><attrlabl Sync="TRUE">Pedestrian</attrlabl><attalias Sync="TRUE">Pedestrian</attalias><attrtype Sync="TRUE">Double</attrtype><attwidth Sync="TRUE">19</attwidth><atprecis Sync="TRUE">0</atprecis><attscale Sync="TRUE">0</attscale></attr><attr><attrlabl Sync="TRUE">Location</attrlabl><attalias Sync="TRUE">Location</attalias><attrtype Sync="TRUE">String</attrtype><attwidth Sync="TRUE">7</attwidth><atprecis Sync="TRUE">0</atprecis><attscale Sync="TRUE">0</attscale></attr><attr><attrlabl Sync="TRUE">FeatureTyp</attrlabl><attalias Sync="TRUE">FeatureTyp</attalias><attrtype Sync="TRUE">String</attrtype><attwidth Sync="TRUE">31</attwidth><atprecis Sync="TRUE">0</atprecis><attscale Sync="TRUE">0</attscale></attr><attr><attrlabl Sync="TRUE">AliasNameE</attrlabl><attalias Sync="TRUE">AliasNameE</attalias><attrtype Sync="TRUE">String</attrtype><attwidth Sync="TRUE">254</attwidth><atprecis Sync="TRUE">0</atprecis><attscale Sync="TRUE">0</attscale></attr><attr><attrlabl Sync="TRUE">AliasNameT</attrlabl><attalias Sync="TRUE">AliasNameT</attalias><attrtype Sync="TRUE">String</attrtype><attwidth Sync="TRUE">254</attwidth><atprecis Sync="TRUE">0</atprecis><attscale Sync="TRUE">0</attscale></attr><attr><attrlabl Sync="TRUE">CrossingFe</attrlabl><attalias Sync="TRUE">CrossingFe</attalias><attrtype Sync="TRUE">String</attrtype><attwidth Sync="TRUE">26</attwidth><atprecis Sync="TRUE">0</atprecis><attscale Sync="TRUE">0</attscale></attr><attr><attrlabl Sync="TRUE">WeatherPro</attrlabl><attalias Sync="TRUE">WeatherPro</attalias><attrtype Sync="TRUE">String</attrtype><attwidth Sync="TRUE">12</attwidth><atprecis Sync="TRUE">0</atprecis><attscale Sync="TRUE">0</attscale></attr><attr><attrlabl Sync="TRUE">Wheelchair</attrlabl><attalias Sync="TRUE">Wheelchair</attalias><attrtype Sync="TRUE">String</attrtype><attwidth Sync="TRUE">5</attwidth><atprecis Sync="TRUE">0</atprecis><attscale Sync="TRUE">0</attscale></attr><attr><attrlabl Sync="TRUE">Wheelcha00</attrlabl><attalias Sync="TRUE">Wheelcha00</attalias><attrtype Sync="TRUE">String</attrtype><attwidth Sync="TRUE">5</attwidth><atprecis Sync="TRUE">0</atprecis><attscale Sync="TRUE">0</attscale></attr><attr><attrlabl Sync="TRUE">ObstaclesT</attrlabl><attalias Sync="TRUE">ObstaclesT</attalias><attrtype Sync="TRUE">String</attrtype><attwidth Sync="TRUE">12</attwidth><atprecis Sync="TRUE">0</atprecis><attscale Sync="TRUE">0</attscale></attr><attr><attrlabl Sync="TRUE">Gradient</attrlabl><attalias Sync="TRUE">Gradient</attalias><attrtype Sync="TRUE">Double</attrtype><attwidth Sync="TRUE">19</attwidth><atprecis Sync="TRUE">0</atprecis><attscale Sync="TRUE">0</attscale></attr><attr><attrlabl Sync="TRUE">Direction</attrlabl><attalias Sync="TRUE">Direction</attalias><attrtype Sync="TRUE">String</attrtype><attwidth Sync="TRUE">16</attwidth><atprecis Sync="TRUE">0</atprecis><attscale Sync="TRUE">0</attscale></attr><attr><attrlabl Sync="TRUE">PositionCe</attrlabl><attalias Sync="TRUE">PositionCe</attalias><attrtype Sync="TRUE">String</attrtype><attwidth Sync="TRUE">9</attwidth><atprecis Sync="TRUE">0</atprecis><attscale Sync="TRUE">0</attscale></attr><attr><attrlabl Sync="TRUE">Enabled</attrlabl><attalias Sync="TRUE">Enabled</attalias><attrtype Sync="TRUE">String</attrtype><attwidth Sync="TRUE">5</attwidth><atprecis Sync="TRUE">0</atprecis><attscale Sync="TRUE">0</attscale></attr><attr><attrlabl Sync="TRUE">DataSource</attrlabl><attalias Sync="TRUE">DataSource</attalias><attrtype Sync="TRUE">String</attrtype><attwidth Sync="TRUE">13</attwidth><atprecis Sync="TRUE">0</atprecis><attscale Sync="TRUE">0</attscale></attr><attr><attrlabl Sync="TRUE">LevelSourc</attrlabl><attalias Sync="TRUE">LevelSourc</attalias><attrtype Sync="TRUE">String</attrtype><attwidth Sync="TRUE">13</attwidth><atprecis Sync="TRUE">0</atprecis><attscale Sync="TRUE">0</attscale></attr><attr><attrlabl Sync="TRUE">StreetName</attrlabl><attalias Sync="TRUE">StreetName</attalias><attrtype Sync="TRUE">String</attrtype><attwidth Sync="TRUE">100</attwidth><atprecis Sync="TRUE">0</atprecis><attscale Sync="TRUE">0</attscale></attr><attr><attrlabl Sync="TRUE">StreetNa00</attrlabl><attalias Sync="TRUE">StreetNa00</attalias><attrtype Sync="TRUE">String</attrtype><attwidth Sync="TRUE">100</attwidth><atprecis Sync="TRUE">0</atprecis><attscale Sync="TRUE">0</attscale></attr><attr><attrlabl Sync="TRUE">ST_CODE</attrlabl><attalias Sync="TRUE">ST_CODE</attalias><attrtype Sync="TRUE">Double</attrtype><attwidth Sync="TRUE">19</attwidth><atprecis Sync="TRUE">0</atprecis><attscale Sync="TRUE">0</attscale></attr><attr><attrlabl Sync="TRUE">FloorID</attrlabl><attalias Sync="TRUE">FloorID</attalias><attrtype Sync="TRUE">Double</attrtype><attwidth Sync="TRUE">19</attwidth><atprecis Sync="TRUE">0</atprecis><attscale Sync="TRUE">0</attscale></attr><attr><attrlabl Sync="TRUE">BuildingID</attrlabl><attalias Sync="TRUE">BuildingID</attalias><attrtype Sync="TRUE">Double</attrtype><attwidth Sync="TRUE">19</attwidth><atprecis Sync="TRUE">0</atprecis><attscale Sync="TRUE">0</attscale></attr><attr><attrlabl Sync="TRUE">Building00</attrlabl><attalias Sync="TRUE">Building00</attalias><attrtype Sync="TRUE">Double</attrtype><attwidth Sync="TRUE">19</attwidth><atprecis Sync="TRUE">0</atprecis><attscale Sync="TRUE">0</attscale></attr><attr><attrlabl Sync="TRUE">SiteID</attrlabl><attalias Sync="TRUE">SiteID</attalias><attrtype Sync="TRUE">Double</attrtype><attwidth Sync="TRUE">19</attwidth><atprecis Sync="TRUE">0</atprecis><attscale Sync="TRUE">0</attscale></attr><attr><attrlabl Sync="TRUE">TerminalID</attrlabl><attalias Sync="TRUE">TerminalID</attalias><attrtype Sync="TRUE">Double</attrtype><attwidth Sync="TRUE">19</attwidth><atprecis Sync="TRUE">0</atprecis><attscale Sync="TRUE">0</attscale></attr><attr><attrlabl Sync="TRUE">AccessTime</attrlabl><attalias Sync="TRUE">AccessTime</attalias><attrtype Sync="TRUE">Double</attrtype><attwidth Sync="TRUE">19</attwidth><atprecis Sync="TRUE">0</atprecis><attscale Sync="TRUE">0</attscale></attr><attr><attrlabl Sync="TRUE">CreationDa</attrlabl><attalias Sync="TRUE">CreationDa</attalias><attrtype Sync="TRUE">String</attrtype><attwidth Sync="TRUE">21</attwidth><atprecis Sync="TRUE">0</atprecis><attscale Sync="TRUE">0</attscale></attr><attr><attrlabl Sync="TRUE">ModifiedBy</attrlabl><attalias Sync="TRUE">ModifiedBy</attalias><attrtype Sync="TRUE">String</attrtype><attwidth Sync="TRUE">254</attwidth><atprecis Sync="TRUE">0</atprecis><attscale Sync="TRUE">0</attscale></attr><attr><attrlabl Sync="TRUE">LastAmendm</attrlabl><attalias Sync="TRUE">LastAmendm</attalias><attrtype Sync="TRUE">String</attrtype><attwidth Sync="TRUE">21</attwidth><atprecis Sync="TRUE">0</atprecis><attscale Sync="TRUE">0</attscale></attr><attr><attrlabl Sync="TRUE">Shape_Leng</attrlabl><attalias Sync="TRUE">Shape_Leng</attalias><attrtype Sync="TRUE">Double</attrtype><attwidth Sync="TRUE">19</attwidth><atprecis Sync="TRUE">0</atprecis><attscale Sync="TRUE">0</attscale></attr><attr><attrlabl Sync="TRUE">Shape_Le_1</attrlabl><attalias Sync="TRUE">Shape_Le_1</attalias><attrtype Sync="TRUE">Double</attrtype><attwidth Sync="TRUE">19</attwidth><atprecis Sync="TRUE">0</atprecis><attscale Sync="TRUE">0</attscale></attr><attr><attrlabl Sync="TRUE">OBJECTID_2</attrlabl><attalias Sync="TRUE">OBJECTID_2</attalias><attrtype Sync="TRUE">Integer</attrtype><attwidth Sync="TRUE">9</attwidth><atprecis Sync="TRUE">9</atprecis><attscale Sync="TRUE">0</attscale></attr><attr><attrlabl Sync="TRUE">OBJECTID_3</attrlabl><attalias Sync="TRUE">OBJECTID_3</attalias><attrtype Sync="TRUE">Integer</attrtype><attwidth Sync="TRUE">10</attwidth><atprecis Sync="TRUE">10</atprecis><attscale Sync="TRUE">0</attscale></attr><attr><attrlabl Sync="TRUE">COUNT</attrlabl><attalias Sync="TRUE">COUNT</attalias><attrtype Sync="TRUE">Double</attrtype><attwidth Sync="TRUE">19</attwidth><atprecis Sync="TRUE">0</atprecis><attscale Sync="TRUE">0</attscale></attr><attr><attrlabl Sync="TRUE">AREA</attrlabl><attalias Sync="TRUE">AREA</attalias><attrtype Sync="TRUE">Double</attrtype><attwidth Sync="TRUE">19</attwidth><atprecis Sync="TRUE">0</atprecis><attscale Sync="TRUE">0</attscale></attr><attr><attrlabl Sync="TRUE">MEAN</attrlabl><attalias Sync="TRUE">MEAN</attalias><attrtype Sync="TRUE">Double</attrtype><attwidth Sync="TRUE">19</attwidth><atprecis Sync="TRUE">0</atprecis><attscale Sync="TRUE">0</attscale></attr></detailed></eainfo><mdDateSt Sync="TRUE">20250501</mdDateSt></metadata>
